peak_id,Ctrl_1,Ctrl_2,Ctrl_3,Ctrl_4,TrtA_1,TrtA_2,TrtA_3,TrtA_4,TrtB_1,TrtB_2,TrtB_3,TrtB_4
chr1:100000-100200,36,42,38,39,141,161,145,182,47,45,41,43
chr1:100500-100700,58,49,50,64,253,250,227,203,57,52,63,61
chr1:101000-101200,42,38,33,33,154,167,168,160,37,39,40,40
chr1:101500-101700,60,51,46,47,205,185,225,214,57,50,48,48
chr1:102000-102200,33,33,39,40,127,156,143,133,33,31,40,31
chr1:102500-102700,63,57,62,55,205,233,205,214,60,61,58,53
chr1:103000-103200,42,45,44,42,176,155,143,142,40,42,46,39
chr1:103500-103700,52,46,46,58,242,231,191,205,50,53,58,60
chr1:104000-104200,37,39,36,38,133,163,150,155,36,40,41,40
chr1:104500-104700,46,48,49,57,184,225,227,204,56,43,46,51
chr1:105000-105200,53,54,50,51,177,192,198,163,45,46,51,54
chr1:105500-105700,36,33,37,37,139,130,149,140,30,39,37,39
chr1:106000-106200,54,61,61,55,230,184,215,219,49,57,45,60
chr1:106500-106700,44,47,47,40,179,189,160,164,41,43,43,47
chr1:107000-107200,51,47,46,43,191,168,202,201,46,47,48,46
chr1:107500-107700,37,38,36,39,161,178,171,180,38,43,40,39
chr1:108000-108200,53,57,56,49,231,241,231,236,48,54,53,56
chr1:108500-108700,34,30,38,32,135,160,147,144,31,35,36,40
chr1:109000-109200,34,42,43,41,135,139,165,169,42,42,33,40
chr1:109500-109700,60,59,65,63,250,228,252,214,58,60,53,52
chr1:110000-110200,40,49,47,41,41,39,49,51,175,176,160,159
chr1:110500-110700,52,55,58,54,60,53,51,64,242,194,248,203
chr1:111000-111200,40,47,46,42,36,46,41,47,145,178,147,180
chr1:111500-111700,38,45,43,36,45,37,38,44,148,159,188,177
chr1:112000-112200,46,49,42,40,46,48,53,42,178,205,189,171
chr1:112500-112700,66,61,61,67,55,53,63,59,203,203,247,258
chr1:113000-113200,55,50,55,45,46,49,51,48,187,176,176,220
chr1:113500-113700,43,42,47,42,44,48,40,44,154,173,157,171
chr1:114000-114200,47,40,44,47,42,45,38,40,183,168,150,166
chr1:114500-114700,48,40,37,45,46,48,43,44,152,184,163,161
chr1:115000-115200,63,60,53,59,51,51,49,61,207,248,226,238
chr1:115500-115700,46,45,53,56,58,49,50,60,195,226,190,235
chr1:116000-116200,40,39,47,46,39,44,40,37,145,187,169,166
chr1:116500-116700,55,63,51,56,57,52,64,54,262,217,235,201
chr1:117000-117200,39,32,40,38,38,35,33,31,137,156,141,130
chr1:117500-117700,37,37,34,31,40,31,41,38,161,156,133,147
chr1:118000-118200,39,40,40,38,35,39,39,43,171,143,133,151
chr1:118500-118700,62,58,58,53,61,61,61,60,213,221,237,216
chr1:119000-119200,39,48,43,41,42,41,44,49,165,173,161,178
chr1:119500-119700,44,39,40,46,51,40,46,49,182,171,182,171
chr1:120000-120200,54,49,54,60,11,14,12,14,47,56,60,49
chr1:120500-120700,52,63,51,50,15,14,14,13,64,50,53,60
chr1:121000-121200,65,54,63,58,15,16,16,14,58,50,56,53
chr1:121500-121700,48,60,59,48,14,15,14,15,54,55,56,50
chr1:122000-122200,64,55,64,62,16,15,14,14,63,54,52,67
chr1:122500-122700,35,39,38,38,10,8,9,8,38,39,38,41
chr1:123000-123200,47,46,45,50,11,13,12,11,48,46,53,53
chr1:123500-123700,50,43,45,54,12,12,11,12,43,49,47,45
chr1:124000-124200,57,54,61,64,15,16,14,16,60,65,59,54
chr1:124500-124700,45,48,46,48,11,12,13,11,47,54,44,50
chr1:125000-125200,47,46,51,56,53,57,53,47,51,45,47,54
chr1:125500-125700,61,58,65,52,63,50,64,54,59,58,62,56
chr1:126000-126200,33,31,35,41,36,41,37,32,39,31,40,38
chr1:126500-126700,44,44,40,39,38,37,37,44,37,36,44,35
chr1:127000-127200,45,58,50,55,46,57,45,57,54,57,52,57
chr1:127500-127700,39,34,36,33,33,42,33,34,40,41,39,40
chr1:128000-128200,47,55,46,58,50,45,47,57,58,49,49,44
chr1:128500-128700,67,68,57,64,57,55,55,57,52,62,53,59
chr1:129000-129200,52,46,50,44,50,54,52,44,53,42,52,47
chr1:129500-129700,55,52,68,54,59,53,67,52,50,54,57,61

