peak_id,gene,evidence_type,source
chr1:100000-100200,Tnf,sample_peak_gene_link,BRIM bulk-matched demo
chr1:100500-100700,Il6,sample_peak_gene_link,BRIM bulk-matched demo
chr1:101000-101200,Il1b,sample_peak_gene_link,BRIM bulk-matched demo
chr1:101500-101700,Il10,sample_peak_gene_link,BRIM bulk-matched demo
chr1:102000-102200,Il4,sample_peak_gene_link,BRIM bulk-matched demo
chr1:102500-102700,Il13,sample_peak_gene_link,BRIM bulk-matched demo
chr1:103000-103200,Ifng,sample_peak_gene_link,BRIM bulk-matched demo
chr1:103500-103700,Tgfb1,sample_peak_gene_link,BRIM bulk-matched demo
chr1:104000-104200,Ccl2,sample_peak_gene_link,BRIM bulk-matched demo
chr1:104500-104700,Ccl5,sample_peak_gene_link,BRIM bulk-matched demo
chr1:105000-105200,Cxcl1,sample_peak_gene_link,BRIM bulk-matched demo
chr1:105500-105700,Cxcl10,sample_peak_gene_link,BRIM bulk-matched demo
chr1:106000-106200,Stat1,sample_peak_gene_link,BRIM bulk-matched demo
chr1:106500-106700,Stat3,sample_peak_gene_link,BRIM bulk-matched demo
chr1:107000-107200,Stat6,sample_peak_gene_link,BRIM bulk-matched demo
chr1:107500-107700,Nfkb1,sample_peak_gene_link,BRIM bulk-matched demo
chr1:108000-108200,Irf3,sample_peak_gene_link,BRIM bulk-matched demo
chr1:108500-108700,Irf7,sample_peak_gene_link,BRIM bulk-matched demo
chr1:109000-109200,Tlr4,sample_peak_gene_link,BRIM bulk-matched demo
chr1:109500-109700,Myd88,sample_peak_gene_link,BRIM bulk-matched demo
chr1:110000-110200,Cd4,sample_peak_gene_link,BRIM bulk-matched demo
chr1:110500-110700,Cd8a,sample_peak_gene_link,BRIM bulk-matched demo
chr1:111000-111200,Foxp3,sample_peak_gene_link,BRIM bulk-matched demo
chr1:111500-111700,Gata3,sample_peak_gene_link,BRIM bulk-matched demo
chr1:112000-112200,Tbx21,sample_peak_gene_link,BRIM bulk-matched demo
chr1:112500-112700,Rorc,sample_peak_gene_link,BRIM bulk-matched demo
chr1:113000-113200,Il17a,sample_peak_gene_link,BRIM bulk-matched demo
chr1:113500-113700,Il22,sample_peak_gene_link,BRIM bulk-matched demo
chr1:114000-114200,Il33,sample_peak_gene_link,BRIM bulk-matched demo
chr1:114500-114700,Il25,sample_peak_gene_link,BRIM bulk-matched demo
chr1:115000-115200,Tslp,sample_peak_gene_link,BRIM bulk-matched demo
chr1:115500-115700,Il31,sample_peak_gene_link,BRIM bulk-matched demo
chr1:116000-116200,Il5,sample_peak_gene_link,BRIM bulk-matched demo
chr1:116500-116700,Csf2,sample_peak_gene_link,BRIM bulk-matched demo
chr1:117000-117200,Vegfa,sample_peak_gene_link,BRIM bulk-matched demo
chr1:117500-117700,Mmp9,sample_peak_gene_link,BRIM bulk-matched demo
chr1:118000-118200,Mmp2,sample_peak_gene_link,BRIM bulk-matched demo
chr1:118500-118700,Timp1,sample_peak_gene_link,BRIM bulk-matched demo
chr1:119000-119200,Col1a1,sample_peak_gene_link,BRIM bulk-matched demo
chr1:119500-119700,Col3a1,sample_peak_gene_link,BRIM bulk-matched demo
chr1:120000-120200,Fn1,sample_peak_gene_link,BRIM bulk-matched demo
chr1:120500-120700,Vim,sample_peak_gene_link,BRIM bulk-matched demo
chr1:121000-121200,Cdh1,sample_peak_gene_link,BRIM bulk-matched demo
chr1:121500-121700,Ocln,sample_peak_gene_link,BRIM bulk-matched demo
chr1:122000-122200,Cldn1,sample_peak_gene_link,BRIM bulk-matched demo
chr1:122500-122700,Krt1,sample_peak_gene_link,BRIM bulk-matched demo
chr1:123000-123200,Krt10,sample_peak_gene_link,BRIM bulk-matched demo
chr1:123500-123700,Flg,sample_peak_gene_link,BRIM bulk-matched demo
chr1:124000-124200,Lor,sample_peak_gene_link,BRIM bulk-matched demo
chr1:124500-124700,Ivl,sample_peak_gene_link,BRIM bulk-matched demo
chr1:125000-125200,Lce1a,sample_peak_gene_link,BRIM bulk-matched demo
chr1:125500-125700,Lce1b,sample_peak_gene_link,BRIM bulk-matched demo
chr1:126000-126200,Lce2a,sample_peak_gene_link,BRIM bulk-matched demo
chr1:126500-126700,Krt2,sample_peak_gene_link,BRIM bulk-matched demo
chr1:127000-127200,Krt5,sample_peak_gene_link,BRIM bulk-matched demo
chr1:127500-127700,Krt14,sample_peak_gene_link,BRIM bulk-matched demo
chr1:128000-128200,Krt16,sample_peak_gene_link,BRIM bulk-matched demo
chr1:128500-128700,Dsg1,sample_peak_gene_link,BRIM bulk-matched demo
chr1:129000-129200,Dsg3,sample_peak_gene_link,BRIM bulk-matched demo
chr1:129500-129700,Dsp,sample_peak_gene_link,BRIM bulk-matched demo

